cedula,Nombre_cliente,Direccion,Ciudad_idCiudad
100000967,"JUAN PABLO SUESCUN VILLAFA?E","Transversal 54 No. 2 - 170",02
53129336,"EVELIN YOJANA RUBIO PULIDO","Calle 70 No. 42 - 104",02
U00018817,"SILIVA ALEJANDRA GUARIN SARMIENTO","Carrera 83 No. 48 - 73",03
U00062533,"LUCIA JEANETH GUALDRON CASTELLANOS","Transversal 63 No. 44 - 117",02
U00070429,"GREICY JOHANNA VILLAMIZAR ORTIZ","Transversal 74 No. 40 - 121",02
U00084751,"MARIA FERNANDA ARENAS ARCINIEGAS","Calle 66 No. 26 - 54",02
U00086108,"REMBRANDT DALI MU?OZ ARDILA","Calle 13 No. 41 - 160",01
U00088735,"JOSUE FERNANDO DELGADO SERRANO","Carrera 51 No. 48 - 116",01
U00090886,"UVERNY BECERRA RAMIREZ","Carrera 23 No. 31 - 108",01
U00091209,"NATALY MANCERA GALINDO","Avenida 71 No. 20 - 20",02
U00093832,"KAREN VIVIAN GALVIS RODRIGUEZ","Avenida 4 No. 46 - 115",01
U00093930,"NATHALIA JULIANA MARINO BARAJAS","Calle 16 No. 20 - 99",02
U00093973,"VICTOR SAMUEL DIAZ SARMIENTO","Transversal 91 No. 47 - 54",02
U00094019,"FREDY ANDRES CAICEDO AMOROCHO","Avenida 33 No. 10 - 54",02
U00094209,"LAURA MARCELA OROZCO PEDRAZA","Transversal 64 No. 43 - 151",01
U00094949,"MARIA ALEJANDRA GOMEZ ARGUELLO","Calle 32 No. 22 - 75",01
U00096020,"JORGE LUIS GOMEZ MOLINA","Calle 43 No. 8 - 11",03
U00096218,"NATALY MILENA PACHECO PINTO","Calle 89 No. 38 - 30",01
U00096287,"LAURA MARIA LAGOS MURILLO","Calle 96 No. 11 - 127",01
U00096347,"EDWARD MAURICIO RAMIREZ LUCENA","Avenida 23 No. 17 - 89",01
U00096419,"MARIA JIMENA MU?OZ RAMIREZ","Calle 59 No. 38 - 98",01
U00096468,"ESTEFANIA RIOS GARCIA","Carrera 65 No. 17 - 153",02
U00096761,"ANDREA CATALINA PEREZ PE?A","Avenida 68 No. 34 - 44",01
U00096951,"DAISY TATIANA RICAURTE PINTO","Avenida 94 No. 37 - 198",02
U00097207,"JORGE IVAN CORREAL MEDINA","Avenida 87 No. 32 - 160",01
U00097731,"YAMIT FERNANDO LEON HURTADO","Transversal 36 No. 32 - 24",01
U00097876,"MARIA FERNANDA SIERRA MEJIA","Transversal 14 No. 15 - 182",01
U00098179,"CARLOS FERNANDO PERUCHO QUINTERO","Calle 50 No. 11 - 83",02
U00098290,"NICOLAS ANDRES VILLAMIZAR REY","Avenida 38 No. 46 - 2",01
U00098489,"JESSICA PAOLA MENDOZA MADRID","Transversal 34 No. 3 - 32",01
U00098766,"JHON FREDY RIVERA BAYONA","Transversal 59 No. 19 - 190",01
U00098889,"JORGE IVAN NU?EZ ZAPATA","Carrera 1 No. 21 - 48",02
U00098995,"ANGELA PATRICIA VILLARREAL CORREA","Transversal 59 No. 6 - 173",02
U00099139,"HERNANDO JOSE SANCHEZ TORRES","Calle 27 No. 45 - 63",01
U00100745,"JAIME ALEXANDER GAMBOA ROJAS","Transversal 53 No. 50 - 123",03
U00101038,"LADY DANIELA MONJE CASTILLO","Calle 3 No. 32 - 102",01
U00101074,"ANDREA JULIANA BECERRA GOMEZ","Carrera 44 No. 33 - 38",02
U00101202,"MARIA CAMILA PEREIRA FLOREZ","Avenida 30 No. 45 - 66",02
U00101434,"HENRY ANDRES CALVETE VILLAMARIN","Avenida 37 No. 30 - 134",01
U00101789,"MONICA ANDREA MILLAN BAEZ","Transversal 56 No. 20 - 17",02
U00101955,"MARY JULIANA NANCLARES VARGAS","Calle 62 No. 40 - 122",02
U00102363,"MONICA ISABEL MEJIA MARTINEZ","Avenida 24 No. 29 - 147",03
U00104241,"JAIME ALBERTO ARIZA SOTO","Calle 82 No. 48 - 163",02
U00104372,"MARIA PAULA CELY PICO","Calle 81 No. 47 - 23",02
U00104401,"LUIS FELIPE CARO DELGADO","Calle 88 No. 11 - 171",02
U00104421,"OSCAR FABIAN ARCINIEGAS TORRES","Transversal 78 No. 22 - 77",02
U00104507,"MARIA FERNANDA VELASCO BRICE?O","Avenida 33 No. 40 - 68",02
U00105054,"ANDREA CAROLINA HOYOS CASTRO","Calle 29 No. 22 - 86",02
U00105385,"LINA MARCELA FRAGOZO DEVIA","Avenida 35 No. 35 - 148",03
U00105615,"DANIELA CORREA GARCES","Avenida 39 No. 43 - 114",02
U00106259,"MONICA NATHALIA ANAYA ROMAN","Avenida 17 No. 13 - 177",03
U00106394,"JOSE ARMANDO SANCHEZ RONDON","Avenida 81 No. 6 - 193",02
U00106667,"CRISTHIAN GUSTAVO CONTRERAS CALA","Carrera 25 No. 45 - 21",01
U00106948,"GABRIELA BLANCO DIAZ","Calle 66 No. 16 - 200",03
U00107128,"DANIEL ALBERTO BARON SANTAMARIA","Carrera 37 No. 20 - 161",01
U00107445,"MARISTANY CELIS MERCHAN","Carrera 10 No. 48 - 9",02
U00108204,"CAROLINA ANDREA VITERI PINCHAO","Transversal 86 No. 44 - 122",02
U00108518,"PAOLA NI?O MARTINEZ","Transversal 7 No. 22 - 113",01
U00109269,"JOHN JAIRO BURBANO ACOSTA","Calle 69 No. 12 - 28",02
U00111362,"YORLETH ADRIANA ZAMBRANO DIAZ","Transversal 26 No. 24 - 96",02
U00115563,"JULIAN LEONARDO ZARATE JAIMES","Transversal 49 No. 13 - 27",02
