idEmpleado,Nombre_empleado,foto
01,Alfredo Diaz,https://los40mx00.epimg.net/los40/imagenes/2019/09/11/album/1568226814_153747_1568227213_album_normal.jpg
02,Juan Diego Gomez,https://los40mx00.epimg.net/los40/imagenes/2019/09/11/album/1568226814_153747_1568227221_album_normal.jpg
03,Rosalba Buendia,https://i.pinimg.com/236x/67/d1/0a/67d10af4c348e554c02f0a3318465fda.jpg
04,Maritza Rojas,https://los40mx00.epimg.net/los40/imagenes/2019/09/11/album/1568226814_153747_1568227219_album_normal.jpg
05,Julian Martinez,https://los40mx00.epimg.net/los40/imagenes/2019/09/11/album/1568226814_153747_1568227216_album_normal.jpg
06,Diosmira Cabello,https://los40mx00.epimg.net/los40/imagenes/2019/09/11/album/1568226814_153747_1568227215_album_normal.jpg
07,Mauricio Gonzales,https://los40mx00.epimg.net/los40/imagenes/2019/09/11/album/1568226814_153747_1568227217_album_normal.jpg
08,Reynaldo Reyes,https://los40mx00.epimg.net/los40/imagenes/2019/09/11/album/1568226814_153747_1568227220_album_normal.jpg
